Ortsname,Latitude,Longitude,
Rueras,46.6749772,8.7502117,
Sedrun,46.679598,8.7737237,
Sedrun,46.679598,8.7737237,
Sedrun,46.679598,8.7737237,
Tavanasa,46.7540917,9.0623319,
Somvix,46.72786079999999,8.938301599999999,
Trun,46.7431522,8.991023,
Trun,46.7431522,8.991023,
DardinCasut,46.7589562,9.0490239,
Tavanasa,46.7540917,9.0623319,
ObersaxenSt.Joseph,46.74733699999999,9.0755162,
Tavanasa,46.7540917,9.0623319,
Waltensburg,46.77672130000001,9.1170754,
Ilanz,46.77421,9.20474,
Ilanz,46.77421,9.20474,
ValsStaumauerZervreila,46.578264,9.1179784,
SafienPlatz,46.6816444,9.314830400000002,
Rothenbrunnen,46.7682466,9.4272835,
Rothenbrunnen,46.7682466,9.4272835,
St.MartinLunschania,46.6607894,9.189462899999999,
Sagogn,46.7923608,9.25738,
Flims,46.8366348,9.2846923,
Flims,46.8366348,9.2846923,
Flims,46.8366348,9.2846923,
Flims,46.8366348,9.2846923,
Flims,46.8366348,9.2846923,
Flims,46.8366348,9.2846923,
TrinMulin,46.83411,9.34081,
Trin,46.82830449999999,9.3624372,
Ausserferrera,46.5571049,9.4392882,
Ausserferrera,46.5571049,9.4392882,
Nufenen,46.5394932,9.2433569,
Spluegen,46.5528268,9.3233581,
Sufers,46.5705798,9.3664443,
Andeer,46.6034023,9.4263657,
Andeer,46.6034023,9.4263657,
SilsNisellas,46.7036361,9.465468099999999,
Thusis,46.6960141,9.439494,
PredabeiBerguen,46.5909644,9.7710533,
DavosFrauenkirch,46.7673762,9.7975634,
DavosGlaris,46.745568,9.779931999999999,
Filisur,46.67341529999999,9.686377,
Tiefencastel,46.6618506,9.5771616,
Bivio,46.4677669,9.6504508,
Tinizong-Rona,46.5831572,9.616736,
Tinizong,46.5831572,9.616736,
Riom-Parsonz,46.5974706,9.5731025,
Tiefencastel,46.6618506,9.5771616,
Tiefencastel,46.6618506,9.5771616,
Vaz/Obervaz,46.72594,9.557649999999999,
SilsimDomleschg,46.7019286,9.455598199999999,
Rothenbrunnen,46.7682466,9.4272835,
Domat-Ems,46.8336355,9.4473545,
Litzirueti,46.7986269,9.702501,
LueenTewald,46.818188,8.227511999999999,
LueenTewald,46.818188,8.227511999999999,
ChurSand,46.8507835,9.5319859,
ChurSand,46.8507835,9.5319859,
ChurwaldenBaergliwaeg,46.7759466,9.543003299999999,
Klosters,46.8699029,9.882869699999999,
Klosters-Dorf,46.8836044,9.8748316,
Kueblis,46.9144002,9.7784561,
Seewis,46.9905027,9.637264199999999,
Landquart-Fabriken,46.9563994,9.5657933,
Landquart-Fabriken,46.9563994,9.5657933,
Vadura,46.9574335,9.4848798,
BadRagaz,47.0034141,9.501106199999999,
Ragaz,47.0034141,9.501106199999999,
Jenins,47.0005004,9.5577461,
Vilters,47.0299988,9.4484028,
WangsGaschiels,47.0299988,9.4484028,
Sevelen,47.1218764,9.486948,
BuchsWaldrand,47.14991759999999,9.445118599999999,
BuchsSteig-Aspenhoelzli,47.15509240000001,9.462734099999999,
BuchsAltendorf,47.1655403,9.4708594,
GrabsBannwald,47.1825657,9.444043299999999,
GrabsLoechli,47.1764382,9.4319309,
Sennwald,47.2612316,9.5042435,
Lienz,47.3774633,9.5469133,
OberrietBlatten,47.3199075,9.564426899999999,
Montlingen,47.3341624,9.5848066,
HeidenHinterlochen,47.46205579999999,9.5527038,
UntereggenLochmueli,47.460332,9.439970299999999,
Steinach,47.50321,9.442079999999999,
Schaffhausen,47.6958897,8.6380489,
Schaffhausen,47.6958897,8.6380489,
Neuhausen,47.6837423,8.6126098,
Rheinau,47.6433,8.60117,
NesslauuntererGiessenfall,47.4252828,9.024317199999999,
NesslauSchneit,47.216667,9.200000000000001,
Krummenau,47.2262651,9.198864799999999,
TrempelEbnat-Kappel,47.2498614,9.164830199999999,
Ebnat-Kappel,47.26548500000001,9.1235471,
Lichtensteig,47.3239036,9.087684399999999,
Buetschwil,47.3625195,9.0735291,
Buetschwil,47.3625195,9.0735291,
MuelaubeiBazenheidKirchberg,47.45750169999999,8.744069,
Glattmueli,47.4314679,9.1769872,
Bischofszell,47.4927034,9.2436496,
Raessenaueli,47.2805589,9.422387299999999,
Urnaesch,47.3170588,9.2826442,
Urnaesch,47.3170588,9.2826442,
St.Gallen,47.4244818,9.3767173,
St.GallenSittertal,47.41032149999999,9.3231431,
St.Gallen,47.4244818,9.3767173,
Wittenbach,47.4598793,9.3899899,
Schoenenberg,47.1932312,8.644027,
SchoenenberganderThur,47.520833,9.197778,
Buerglen,46.8761523,8.664463099999999,
Buerglen,46.8761523,8.664463099999999,
Buerglen,46.8761523,8.664463099999999,
Buerglen,46.8761523,8.664463099999999,
Weinfelden,47.5660299,9.1084456,
Weinfelden,47.5660299,9.1084456,
WeinfeldenuntereWiden,47.5660299,9.1084456,
Matzingen,47.5195701,8.934054999999999,
FrauenfeldSchlossmuehlestr.,47.55342049999999,8.8972856,
KollbrunnGmde.Zell,47.4569,8.7747,
SennhofIllnau-Effretikon,47.46738,8.759549999999999,
Neftenbach,47.5266537,8.6688227,
HardWuelflingeninWinterthur,47.5091076,8.6904167,
Freienstein,47.5313791,8.5851744,
Oberuster,47.34557,8.729650600000001,
Zweidlen,47.562501,8.470274,
Reckingen,46.4695173,8.2451355,
Hallau,47.6967786,8.4574122,
Leibstadt,47.5899397,8.173178,
Albbruck,47.59465729999999,8.1362987,
Laufenburg,47.502948,8.0223883,
BadSaeckingen,47.5513909,7.952157000000001,
Schwoerstadt,47.5922024,7.8753856,
SchwoerstaddtKWRyburg-Schw.,47.56749199999999,7.839517000000001,
Rheinfelden,47.55219,7.7922914,
Rheinfelden,47.55219,7.7922914,
Augst,47.53389,7.721349999999999,
Grenzach-Wyhlen,47.5523554,7.658088100000001,
Birsfelden,47.5516505,7.627249900000001,
GorgesdeCourt,47.2589145,7.3451214,
Choindez,47.32071,7.380450000000001,
UndervelierBlanches-Fontaine,47.2941146,7.2220181,
ChezTheurillatHaute-Sorne,47.34999999999999,7.233333,
Soyhieres,47.3904978,7.3690995,
Laufen,47.4204213,7.5004874,
Laufen,47.4204213,7.5004874,
Zwingen,47.43715659999999,7.530886600000001,
Nenzlingen,47.447616,7.561948699999999,
Grellingen,47.4409994,7.5905459,
Grellingen,47.4409994,7.5905459,
Grellingen,47.4409994,7.5905459,
Dornach,47.4790491,7.6170412,
Muenchenstein,47.5226485,7.6150661,
BarragedeKembs,47.7098922,7.5031728,
BarragedeKembs,47.7098922,7.5031728,
KembsLoechle,47.652079,7.506494999999999,
GrimselChessituren,46.5614,8.337579999999999,
GrimselSommerlochu.Hospiz,46.5614,8.337579999999999,
GrimselSommerlochu.Hospiz,46.5614,8.337579999999999,
Handegg,46.6125128,8.3068901,
Handegg,46.6125128,8.3068901,
Handegg,46.6125128,8.3068901,
Handegg,46.6125128,8.3068901,
GuttannenBlatti,46.6552082,8.2892297,
InnertkirchenUnderuerbach,46.697462,8.234651699999999,
Innertkirchen,46.70517659999999,8.227401,
Underi-FurenInnertkirchen,46.7280779,8.3325341,
Underi-FurenInnertkirchen,46.7280779,8.3325341,
Hopflauenen,46.71429999999999,8.27834,
Hopflauenen,46.71429999999999,8.27834,
Innertkirchen,46.70517659999999,8.227401,
MeiringenHaselholz,46.7251614,8.1909081,
Meiringen,46.7251614,8.1909081,
Schattenhalb,46.7185473,8.1911357,
Schattenhalb,46.7185473,8.1911357,
Schattenhalb,46.7185473,8.1911357,
Brienz,46.7541541,8.0316899,
Grindelwald,46.624164,8.0413962,
Luetschental,46.6382294,7.949146799999999,
LauterbrunnenStechelberg,46.5452567,7.902656100000001,
Saxeten,46.6363957,7.8311603,
Wilderswil,46.6652174,7.8689183,
InterlakenKanal,46.6863481,7.863204899999999,
Unterseen,46.6852116,7.848157400000001,
KanderstegEggeschwand,46.47908899999999,7.665742399999999,
KanderstegZilfuri,46.4947325,7.674435700000001,
KanderstegDorf,46.4947325,7.674435700000001,
Inner-Kandergrund,46.5443255,7.662839,
AdelbodenEngstligenalp,46.4308464,7.580008899999998,
ReichenbachLosplatte,46.5760797,7.732413599999998,
AdelbodenMoosweid,46.4957862,7.575569600000001,
Adelboden,46.4930889,7.5595123,
LaengmadamThunersee,46.7315725,7.669203500000001,
St.StephanMatten,46.50065,7.427209999999999,
St.Stephan,46.50595,7.402049999999999,
BoltigenGarstatt,46.592939,7.374384699999999,
Weissenburg,46.65835999999999,7.475439999999999,
Erlenbach,47.3052989,8.597147099999999,
Erlenbach,47.3052989,8.597147099999999,
Simmenfluh(Wimmis),46.6793,7.620889999999999,
Thun,46.7579868,7.6279881,
Thun,46.7579868,7.6279881,
ThunKanal(Uttigenstr.),46.7665527,7.6082304,
Blumenstein,46.74109989999999,7.5204564,
BernMatte,46.9469347,7.4566801,
Engehalde,46.9566886,7.4397875,
Felsenau,46.9729483,7.4407539,
Buttenried,46.9634867,7.2760822,
Innergsteig,46.3793924,7.274475099999999,
LauenenbeiGstaad,46.42427,7.32261,
Gsteigb.Gstaad,46.3852631,7.267346,
Châteaud'OexGerignoz,46.47112,7.16535,
Montbovon,46.483332,7.033328999999999,
Lessoc,46.499998,7.066657999999999,
Grandvillard,46.54092800000001,7.086142799999999,
Jaun,46.6103237,7.286142900000001,
CharmeyLaTzintre,46.6099535,7.183172399999999,
CharmeyLePerre,46.6150944,7.167405499999999,
Broc,46.6042074,7.0974945,
Rossens,46.7205552,7.1041753,
Rossens,46.7205552,7.1041753,
Hauterive,47.01564279999999,6.9725091,
FribourgMaigrauge,46.799859,7.15856,
FribourgOelberg,46.8064773,7.161971899999999,
Weissenburg_Del,46.658333,7.475556,
Schiffenen,46.8504861,7.1581707,
NiederriedRadelfingen,47.0117074,7.2505417,
Aarberg,47.0420553,7.2751012,
Kallnach,47.0183474,7.2354559,
Hagneck,47.05672,7.185700000000001,
Hagneck,47.05672,7.185700000000001,
LaDernier,46.8547534,6.5014409,
Vallorbe,46.71199650000001,6.3791102,
LesClees,46.7316468,6.462812899999999,
Montcherand,46.73381000000001,6.50864,
Orbe,46.7293301,6.5323588,
Orbe,46.7293301,6.5323588,
Orbe,46.7293301,6.5323588,
LaDoux/St.Sulpice,46.90982409999999,6.5643666,
St.Sulpice,46.51011399999999,6.558195100000001,
NoiraigueLeFurcil,46.953016,6.730449399999999,
Brot-Dessous,46.9558416,6.747745399999999,
Brot-DessousLesMoyats,46.9530554,6.7586432,
BoudryCombe-Garot,46.9626054,6.7967014,
Boudry,46.9542921,6.8478409,
Boudry,46.9542921,6.8478409,
NeuchâtelSerrieres,46.9814848,6.899276299999999,
NeuchâtelSerrieres,46.9814848,6.899276299999999,
NeuchâtelSerrieres,46.9814848,6.899276299999999,
LaSerriereNeuchâtel,46.9814848,6.899276299999999,
Sonceboz,47.1957402,7.178649399999999,
PeryRondchâtel,47.1731531,7.2485734,
PeryFrinvillier,47.1876743,7.3000893,
Frinvillier,47.169073,7.2568416,
Biel-Boezingen,47.1544144,7.2726701,
Boezingen,47.1544144,7.2726701,
Bruegg,47.1237068,7.281258800000001,
Ruederswil,46.9834237,7.723239500000001,
GohlhusbrueggLuetzelflueh,47.001362,7.692176300000001,
Baetterkinden,47.1306664,7.539792899999999,
Baetterkinden,47.1306664,7.539792899999999,
Utzenstorf,47.12816670000001,7.5588034,
WilerbeiUtzenstorf,47.1523824,7.5591746,
Biberist,47.1818339,7.5577799,
Derendingen,47.1952433,7.585593099999999,
Luterbach,47.2159256,7.587512500000001,
Luterbach,47.2159256,7.587512500000001,
Riedholz,47.2301841,7.565355399999999,
Bannwil,47.2402164,7.737478299999999,
Oberwynau,47.254568,7.7897914,
Schwarzhaeusern,47.2519786,7.766630200000001,
Boningen,47.306647,7.8563888,
Aarburg,47.3205914,7.9066923,
Olten,47.3499624,7.903703399999999,
Niedergoesgen,47.3729363,7.992261699999999,
Aarau,47.390434,8.0457015,
Aarau,47.390434,8.0457015,
Aarau,47.390434,8.0457015,
Auenstein,47.4166971,8.1362613,
Rupperswil,47.4051347,8.1290407,
Niederlenz,47.4015698,8.1761165,
Schinznach-Dorf,47.4474737,8.1427966,
Villnachern,47.46941200000001,8.1631666,
Doettingen,47.570768,8.2588195,
Doettingen,47.570768,8.2588195,
KlingnauGippingen,47.5810229,8.2489572,
Hospental,46.6179587,8.567440099999999,
Realp,46.5992257,8.5026469,
Realp,46.5992257,8.5026469,
Andermatt,46.6339116,8.5935627,
Goeschenen,46.6681092,8.5894896,
Goeschenen,46.6681092,8.5894896,
Goeschenen,46.6681092,8.5894896,
Pfaffensprung,46.7136569,8.6089007,
WassenPfaffensprung,46.7136569,8.6089007,
Gurtnellen,46.73796,8.62781,
Gurtnellen,46.73796,8.62781,
Bristen,46.73699999999999,8.681239999999999,
Amsteg,46.79173549999999,8.6694779,
Amsteg,46.79173549999999,8.6694779,
Amsteg,46.79173549999999,8.6694779,
ErstfeldRipshusen,46.8421005,8.633662,
ErstfeldRipshusen,46.8421005,8.633662,
Unterschaechen,46.86332789999999,8.7705289,
Unterschaechen,46.86332789999999,8.7705289,
Buerglen,46.8761523,8.664463099999999,
Buerglen,46.8761523,8.664463099999999,
Altdorf,46.8821272,8.642843599999999,
Isenthal,46.91059250000001,8.5619813,
Seedorf,46.88092,8.61352,
Seedorf,46.88092,8.61352,
BisisthalSahli,46.942972,8.830808,
BisisthalSahli,46.942972,8.830808,
Bisisthal,46.942972,8.830808,
Muotathal,46.9740171,8.7622473,
Muotathal,46.9740171,8.7622473,
Ibach,47.011067,8.644371999999999,
Ibach,47.011067,8.644371999999999,
Brunnen,46.9993073,8.609382199999999,
SteinenMueliacher,47.0495934,8.613133999999999,
Beckenried,46.9704961,8.4657007,
EngelbergStalden,46.8061642,8.4446472,
Engelberg,46.8200266,8.4069918,
Engelberg,46.8200266,8.4069918,
Grafenort,46.8200266,8.4069918,
Grafenort,46.8200266,8.4069918,
Wolfenschiessen,46.9081639,8.3959084,
WolfenschiessenFlueglisloo,46.9081639,8.3959084,
Oberrickenbach,46.9081639,8.3959084,
Wolfenschiessen,46.9081639,8.3959084,
Buochs,46.9735985,8.420352,
Lungern,46.7858188,8.159704,
Kaiserstuhl,47.5675585,8.418268900000001,
Giswil,46.838212,8.1872814,
Giswil,46.838212,8.1872814,
SachselnObflue,46.8671605,8.2393778,
KernsStoeckalp,46.802839,8.2788854,
KernsWisserlen,46.9139202,8.296059999999999,
AlpnachEichibruecke,46.9380412,8.2701754,
StansstadRotzloch,46.965069,8.3298308,
Luzern,47.05016819999999,8.3093072,
Wolhusen,47.0586361,8.0731633,
Malters,47.0369701,8.183899199999999,
Kriens/Obernau,47.03084,8.2515,
Littau,47.0507712,8.264809399999999,
Emmenbruecke,47.07723379999999,8.275637,
Emmen,47.07723379999999,8.275637,
PerlenBuchrain,47.09638289999999,8.3477709,
PerlenRoot,47.11068,8.36224,
Unteraegeri,47.1368093,8.5830915,
NeuaegeriGmdeMenzingen,47.15085999999999,8.563749999999999,
LorzentobelNidfuren,47.17460639999999,8.534381999999999,
Lorzentobel,47.1672222,8.559722200000001,
Baar,47.1953729,8.526087,
FriesenchamCham,47.1962376,8.4489004,
Hagendorn,47.2031877,8.4322035,
Bremgarten,47.34917739999999,8.3397905,
Bremgarten,47.34917739999999,8.3397905,
Windisch,47.4789604,8.2159655,
LinthalOchsenstafel,46.9218287,8.9996438,
LinthalOchsenstafel,46.9218287,8.9996438,
LinthalTierfehd,46.8784824,8.9820654,
LinthalTierfehd,46.8784824,8.9820654,
LinthalTierfehd,46.8784824,8.9820654,
Linthal,46.9218287,8.9996438,
Linthal,46.9218287,8.9996438,
Linthal,46.9218287,8.9996438,
Linthal,46.9218287,8.9996438,
LinthalStachelberg,46.92772660000001,9.0011233,
Braunwald,46.9393043,8.9981219,
Rueti,47.2566995,8.854421,
RuetiGmdeGlarusSued,46.9368871,9.016067000000001,
Diesbach,46.916667,9.049999999999999,
Haetzingen,46.95,9.033332999999999,
Luchsingen,46.9672905,9.036788999999999,
Leuggelbach,46.966667,9.0499999,
Haslen,46.9808737,9.055884299999999,
Schwanden,46.9941626,9.073914499999999,
Elm,46.91979569999999,9.172340499999999,
Matt,46.9578717,9.1715862,
Engi(GlarusSued),46.9821094,9.153222699999999,
EngiVorderdorf(GlarusSued),46.9821094,9.153222699999999,
Schwanden,46.9941626,9.073914499999999,
Schwanden,46.9941626,9.073914499999999,
Schwanden,46.9941626,9.073914499999999,
Schwanden,46.9941626,9.073914499999999,
Mitloedi,47.0106005,9.0799644,
Mitloedi(GlarusSued),47.0106005,9.0799644,
Ennenda,47.0338781,9.077552899999999,
MitloediGmde.GlarusSued,47.0106005,9.0799644,
EnnendaAlpenbrueggli,47.0508495,9.0690901,
Netstal,47.0633697,9.0550398,
Netstal,47.0633697,9.0550398,
Netstal,47.0633697,9.0550398,
Mels,47.0478375,9.4224018,
MelsSteigs,47.0478375,9.4224018,
Mels,47.0478375,9.4224018,
Mels,47.0478375,9.4224018,
PlonsGmde.Mels,47.0562,9.399469999999999,
Flums,47.09164610000001,9.3425546,
Flums,47.09164610000001,9.3425546,
FlumsRuefi,47.0837671,9.3483662,
Flums,47.09164610000001,9.3425546,
Walenstadt,47.12398,9.31603,
Flums,47.09164610000001,9.3425546,
Toebeli,46.5776201,9.3787871,
MolsTal,46.818188,8.227511999999999,
Oberterzen,47.102403,9.255855000000002,
MurgtalMerlen,47.5061724,8.941068999999999,
MurgtalUnterPlaetz,47.5061724,8.941068999999999,
MurgtalUnterPlaetz,47.5061724,8.941068999999999,
MurgtalUnterPlaetz,47.5061724,8.941068999999999,
MurgunterhalbGoedis,47.5061724,8.941068999999999,
Murg,47.5061724,8.941068999999999,
AmdenMuslen,47.1380727,9.1355582,
Ruetiberg/Naefels,47.0920934,9.0345532,
Ruetiberg/Naefels,47.0920934,9.0345532,
Naefels,47.0993576,9.0677737,
Niederurnen,47.125507,9.0531505,
Ziegelbruecke,47.1339,9.0613,
Uznach,47.2243722,8.9841417,
VorderthalRempen,47.1393237,8.899421499999999,
Siebnen,47.1744948,8.897176,
GalgenenVorauen,47.18267729999999,8.8578858,
Rueti,47.2566995,8.854421,
Altendorf,47.1914822,8.829904299999999,
Baech,47.199995,8.716671999999999,
Schindellegi,47.1748077,8.712788699999999,
Wollerau,47.19717,8.713379999999999,
Schoenenberg,47.1932312,8.644027,
Zuerich,47.3768866,8.541694,
Zuerich,47.3768866,8.541694,
Zuerich,47.3768866,8.541694,
Dietikon,47.4053885,8.39977,
Wettingen,47.4659503,8.3265988,
Wettingen,47.4659503,8.3265988,
Baden,47.47288,8.30809,
Baden,47.47288,8.30809,
BadenChappelerhof,47.4834769,8.2854204,
UntersiggenthalSchiffmueli,47.4978612,8.2638309,
UntersiggenthalSchiffmueli,47.4978612,8.2638309,
Turgi,47.4887974,8.2547897,
Turgi,47.4887974,8.2547897,
Untersiggenthal,47.4978612,8.2638309,
Haetzingen,46.95,9.033332999999999,
UlrichenAltstafel,46.5312148,8.327779999999999,
OberwaldSt.Niklaus,46.532881,8.345476399999999,
UlrichenzumLoch,46.50347,8.3178,
MuensterMoos,46.486934,8.263605,
WilerMuenster-Geschinen,46.5013769,8.2904165,
Reckingen,46.4695173,8.2451355,
Grafschaft,46.4553356,8.2169557,
Rappental,46.818188,8.227511999999999,
Neubrigg,46.818188,8.227511999999999,
Fieschertal,46.4245787,8.143049,
Fiesch,46.4014491,8.1333135,
Niederernen,46.393056,8.136111,
HeiligkreuzLaengtal,46.9461658,8.0561115,
Heiligkreuz,46.9461658,8.0561115,
Moerel,46.3567261,8.0466357,
Moerel,46.3567261,8.0466357,
Bitsch,46.3360083,8.01573,
BitschBiel,46.3360083,8.01573,
Naters,46.3239282,7.9916569,
MundIndeFaeldu(Gem.Naters),46.3135442,7.948193799999999,
Ried-Brig,46.31726,8.01774,
Ried-Brig,46.31726,8.01774,
Ried-Brig,46.31726,8.01774,
Brig-Glis,46.3158992,7.987820800000001,
BadhalteBrig-Glis,46.298632,7.909489799999998,
Ried-Brig,46.31726,8.01774,
SaasAlmagellZermeiggern,46.092438,7.957589999999999,
SaasAlmagellZermeiggern,46.092438,7.957589999999999,
Saas-FeeWichulti,46.1091073,7.9297122,
Stalden,46.2331036,7.870670499999999,
MossjeseeZermatt,46.017979,7.747755,
Zermatt,46.0207133,7.749117000000001,
ZermattAlterhaupt,46.022232,7.738173,
Zermatt,46.0207133,7.749117000000001,
Taesch,46.0679692,7.775904499999999,
St.Niklaus,46.1762332,7.804591699999999,
EistenVS,46.19739999999999,7.895079999999998,
ToerbelGappil,46.2344525,7.847156699999998,
StaldenRiedji,46.24041,7.896339999999999,
StaldenAckersand,46.2405271,7.875593199999999,
StaldenAckersand,46.2405271,7.875593199999999,
VispenterminenChrizji,46.2653533,7.896274099999999,
VispenterminenStundhues,46.818188,8.227511999999999,
Baltschieder,46.308,7.863670000000001,
Tscherggen,46.783333,9.664444,
Unterbaech,46.2849335,7.7991647,
Eischoll,46.29327,7.780620000000001,
Unterbaech,46.2849335,7.7991647,
Raron,46.3090067,7.80016,
NiedergestelnTurtig,46.3023624,7.796839100000001,
Niedergesteln,46.3137237,7.781042599999999,
Niedergesteln,46.3137237,7.781042599999999,
Blatten,46.4201048,7.8199932,
Blatten,46.4201048,7.8199932,
Wiler(Loetschen),46.4022173,7.782755599999999,
Ferden,46.3939824,7.759474599999999,
Steg-Hohtenn,46.3139432,7.751228800000001,
Oberems,46.281652,7.695524400000001,
Oberems,46.281652,7.695524400000001,
OberemsMeretschialp,46.281652,7.695524400000001,
TurtmannMuellacheren,46.2968764,7.680516600000001,
DalalochLeuk-Stadt,46.3176773,7.635166499999999,
Chippis,46.2795072,7.541926899999999,
Grimentz-LonaValdeMoiry,46.17997279999999,7.576435900000001,
AyerMottec,46.1524459,7.6226552,
AyerVissoie,46.2152089,7.585594200000001,
AyerVissoie,46.2152089,7.585594200000001,
Chippis,46.2795072,7.541926899999999,
Croix/Ayent,46.3107748,7.425255399999998,
Chamarin/Ayent,46.2765711,7.4058146,
Crans-MontanaR.Bourgeoisie,46.3163243,7.520893199999999,
Icogne,46.290802,7.4381663,
St-LeonardMangol,46.25347,7.418330000000001,
St.Leonard,46.25347,7.418330000000001,
HeremenceSauterot,46.174191,7.4101483,
Heremence,46.1724731,7.421453899999999,
Bramois,46.2334172,7.4056447,
Bramois,46.2334172,7.4056447,
Sion,46.2331221,7.360625999999999,
SiviezCleuson,46.1070335,7.323273700000001,
Saviese,46.2511752,7.349158099999999,
Arbaz,46.2717615,7.381039400000001,
Saviese,46.2511752,7.349158099999999,
Saviese,46.2511752,7.349158099999999,
VetrozPeteille,46.2257544,7.281970599999998,
Ardon,46.2097412,7.257228599999999,
Balavaud/Ardon,46.217467,7.26228,
Stafel,46.0058456,7.6860887,
Z'Mutt,46.0064719,7.717241500000001,
Ferpecle,46.05990000000001,7.546950000000001,
Arolla,46.0233657,7.481790500000001,
Riddes,46.1731437,7.222514899999998,
Fionnay,46.03286,7.307699999999999,
Riddes,46.1731437,7.222514899999998,
Riddes,46.1731437,7.222514899999998,
Iserables,46.16251219999999,7.2444663,
LesPontetsRiddes,46.1731437,7.222514899999998,
RiddesPiedduMont,46.1702887,7.226523,
FionnayMauvoisin,46.03286,7.307699999999999,
Fionnay,46.03286,7.307699999999999,
RiddesEcône,46.15612489999999,7.207144099999999,
Leytron,46.1866297,7.208701500000001,
Fully,46.1385386,7.1181106,
Fully,46.1385386,7.1181106,
FullyLesGarettes,46.2086498,7.376780999999999,
Lac-DevantSorniot,46.169349,7.094923,
Champsec,46.05710999999999,7.242970000000001,
LeChâbleBagnes,46.08014,7.21048,
BagnesProfray,46.0815654,7.2024992,
Pas-duLein,46.1107393,7.1592807,
Volleges,46.0871799,7.1704747,
L'Hospitalet,41.3661865,2.1164942,
Bourg-St-PierreLaDelise,45.9449714,7.2162915,
Liddes,45.9919529,7.1858196,
LeNiolletChampex,46.0278595,7.116504399999999,
Orsieres,46.0282108,7.147099499999999,
Orsieres,46.0282108,7.147099499999999,
Pt.delaTsi/Liddes,45.9919529,7.1858196,
SembrancherLesMoulins,46.076873,7.154902499999999,
Martigny-Bourg,46.09243499999999,7.068479,
Martigny-Combe,46.083195,7.0487069,
LeChâtelard,46.6774396,6.977985599999999,
LeChâtelard,46.6774396,6.977985599999999,
Vallorcine,46.033505,6.931817,
Finhaut,46.08337,6.97688,
SalvanAlpagedeBarberine,46.0579552,6.9388248,
Vallorcine,46.033505,6.931817,
Vernayaz,46.13465,7.03959,
Vernayaz,46.13465,7.03959,
Martigny,46.1049798,7.075533399999999,
Vernayaz,46.13465,7.03959,
VernayazMieville,46.1484661,7.0292761,
GietrozduFond,45.9991992,7.383761499999999,
Clusanfe,46.818188,8.227511999999999,
Collonges,46.169781,7.033227,
EvionnazLaRasse,46.182888,7.0137136,
Lavey,46.2207033,7.014481699999999,
LaPeuffeyre,46.2670446,7.057516,
Bex,46.24998470000001,7.014266399999999,
Bex,46.24998470000001,7.014266399999999,
LeBevieux,46.26098,7.02936,
EtrivouezGrandParadis,46.1616965,6.8596758,
LaFrassenayeVald'Jlliez,46.18475859999999,6.896675,
Monthey,46.2521873,6.9469598,
MontheyLesNants,46.252017,7.1104983,
Monthey,46.2521873,6.9469598,
VionnazBeffeux,46.3090098,6.8938362,
LesDiableretsLePlan,46.351389,7.158055999999999,
Ormont-DessousLePont,46.3475681,7.043092799999999,
Ormont-DessousLePont,46.3475681,7.043092799999999,
AigleEnlaDouve,46.3150334,6.9762993,
FontanneyLesFarettes,46.818188,8.227511999999999,
LesFarettesAigle,46.3170855,6.984503399999999,
VouvryHautduVillage,46.3363829,6.891011199999999,
Saint-GingolphVignolles,46.3881416,6.8114589,
VeytauxChillon,46.4142131,6.927492399999999,
MontreuxSonzier,46.438925,6.921644,
LesPlanchesTaulan,46.434211,6.915594,
Rivaz,46.4764133,6.778613099999999,
Aubonne,46.49532910000001,6.3918325,
Lavigny,46.5012496,6.404400799999999,
Geneve,46.2043907,6.1431577,
VeyrierVessy,46.1660489,6.178396999999999,
Russin,46.1880652,6.013571900000001,
AvullyChancy,46.1696093,6.0013782,
Challex,46.181175,5.972054,
LesBrenetsLaRançonniere,47.0596349,6.705921,
LesPlanchettes,47.1064515,6.770286199999999,
LesPlanchettes,47.1064515,6.770286199999999,
EchellesdelaMort,47.1862418,6.8721628,
LeNoirmont,47.2256223,6.9572116,
BedrettoOssasco,46.51116520000001,8.5341506,
MottidellaBolla,46.818188,8.227511999999999,
Airolo,46.5286074,8.612374599999999,
Cap.deiMorti,46.818188,8.227511999999999,
AiroloLaunc,46.5286074,8.612374599999999,
Piotta,46.51329,8.67487,
Piotta,46.51329,8.67487,
Rodi-Fiesso,46.49073,8.73758,
PratoLeventinaP.diMasc.,46.4829046,8.7567273,
Faido,46.47821769999999,8.8009636,
Dalpe,46.4773556,8.7728337,
LavorgoNivodiChironico,46.4347727,8.8421202,
Chironico,46.4221504,8.8436177,
Personico,46.3711388,8.9187102,
Ghirone,46.57018,8.94309,
Olivone,46.533333,8.95,
Biasca,46.3580008,8.9704651,
MesoccoSpina,46.4292721,9.2164769,
MesoccoSpina,46.4292721,9.2164769,
MesoccoCamou,46.4213858,9.2331001,
Soazza,46.36493489999999,9.2243119,
LostalloRura,46.31233,9.1956818,
PianidiVerdabbio,46.2836072,9.1732325,
GronoOltra,46.2477371,9.1461813,
Roveredo,46.23435019999999,9.1288093,
Giubiasco,46.172106,9.010393299999999,
Giubiasco,46.172106,9.010393299999999,
Gordola,46.1809063,8.8608089,
Tenero,46.1804632,8.8490614,
PianodiPeccia,46.415,8.60759,
PianodiPeccia,46.415,8.60759,
Robiei,46.4458342,8.5162558,
SanCarlo,46.4103,8.52587,
BroglioCorsgelainLavizarra,46.38185559999999,8.666862799999999,
Cavergno,46.3450894,8.6057293,
Brissago,46.1200438,8.7112657,
Brissago,46.1200438,8.7112657,
CampoVallemaggia,46.2887844,8.495915199999999,
CerentinoCollinasca,46.304302,8.551171799999999,
SomeoGiumaglio,46.273889,8.681944,
Palagnedra,46.1540359,8.6321672,
TegnaPonteBrolla,46.186706,8.7443382,
Sonvico,46.0580636,8.9901808,
Sigirino(Monteceneri),46.1112872,8.9326382,
Maroggia,45.9340548,8.971080599999999,
Gabi,46.18405,8.07071,
GondoSanMarco,46.1957797,8.1405466,
GondoTannuwald,46.1512413,8.1065889,
PoschiavoAlpePalue,46.372778,10.025833,
PoschiavoBernina,46.3239301,10.0573467,
PoschiavoCavaglia,46.3662781,10.0423391,
S.CarloRobbia,46.34802639999999,10.0612305,
SanCarloPedecosta,46.3599,10.0751201,
Campocologno,46.23235,10.13202,
Campocologno,46.23235,10.13202,
Casaccia,46.390997,9.666473,
Casaccia,46.390997,9.666473,
Plancanin,46.818188,8.227511999999999,
Casaccia,46.390997,9.666473,
Casaccia,46.390997,9.666473,
Casaccia,46.390997,9.666473,
Murtaira,46.818188,8.227511999999999,
Bondo,46.3353876,9.5541649,
PromontognoGmde.Bregaglia,46.3353876,9.5541649,
Castasegna,46.3333,9.5140999,
Silvaplana,46.4599864,9.7955009,
Scuol,46.7968716,10.2977381,
Celerina,46.51233329999999,9.8589518,
RosegSamedan,46.4388267,9.8712089,
PontresinaMorteratsch,46.4515691,9.9414932,
Samedan,46.5339944,9.8729339,
Madulain,46.5864909,9.9384813,
Susch,46.7507975,10.0796664,
Lavin,46.7679834,10.1107044,
Guarda-GiarsunGmd.Scuol,46.76989,10.14391,
Ardez,46.7749013,10.2017095,
Tarasp,46.7758856,10.2584949,
Scuol,46.7968716,10.2977381,
Strada,46.863281,10.4365953,
Samnaun-Compatch,46.96028,10.40523,
Samnaun-Compatsch,46.96028,10.40523,
Zernez,46.7004905,10.0949083,
Zernez,46.7004905,10.0949083,
Zernez,46.7004905,10.0949083,
Scuol,46.7968716,10.2977381,
Martina,46.883333,10.466667,
NaudersA,46.8888227,10.5002019,
Prutz,47.07661909999999,10.6633174,
Sta.Maria,46.6020161,10.4249076,
MuestairChasseras,46.6261772,10.445857,
